ComplainantID,CaseMasterID,ComplainantName,AgeYear,OccupationID,ReligionID,CasteID,GenderID
1,1,Complainant_1,42,1,1,1,1
2,2,Complainant_2,27,1,1,1,1
3,3,Complainant_3,38,1,1,1,1
4,4,Complainant_4,26,1,1,1,1
5,5,Complainant_5,55,1,1,1,1
6,6,Complainant_6,59,1,1,1,1
7,7,Complainant_7,47,1,1,1,1
8,8,Complainant_8,57,1,1,1,1
9,9,Complainant_9,47,1,1,1,1
10,10,Complainant_10,25,1,1,1,1
11,11,Complainant_11,26,1,1,1,1
12,12,Complainant_12,22,1,1,1,1
13,13,Complainant_13,37,1,1,1,1
14,14,Complainant_14,36,1,1,1,1
15,15,Complainant_15,33,1,1,1,1
16,16,Complainant_16,57,1,1,1,1
17,17,Complainant_17,22,1,1,1,1
18,18,Complainant_18,28,1,1,1,1
19,19,Complainant_19,40,1,1,1,1
20,20,Complainant_20,22,1,1,1,1
21,21,Complainant_21,27,1,1,1,1
22,22,Complainant_22,35,1,1,1,1
23,23,Complainant_23,20,1,1,1,1
24,24,Complainant_24,37,1,1,1,1
25,25,Complainant_25,34,1,1,1,1
26,26,Complainant_26,29,1,1,1,1
27,27,Complainant_27,55,1,1,1,1
28,28,Complainant_28,39,1,1,1,1
29,29,Complainant_29,36,1,1,1,1
30,30,Complainant_30,23,1,1,1,1
31,31,Complainant_31,54,1,1,1,1
32,32,Complainant_32,51,1,1,1,1
33,33,Complainant_33,38,1,1,1,1
34,34,Complainant_34,29,1,1,1,1
35,35,Complainant_35,53,1,1,1,1
36,36,Complainant_36,36,1,1,1,1
37,37,Complainant_37,58,1,1,1,1
38,38,Complainant_38,54,1,1,1,1
39,39,Complainant_39,23,1,1,1,1
40,40,Complainant_40,23,1,1,1,1
41,41,Complainant_41,44,1,1,1,1
42,42,Complainant_42,28,1,1,1,1
43,43,Complainant_43,35,1,1,1,1
44,44,Complainant_44,27,1,1,1,1
45,45,Complainant_45,55,1,1,1,1
46,46,Complainant_46,26,1,1,1,1
47,47,Complainant_47,45,1,1,1,1
48,48,Complainant_48,26,1,1,1,1
49,49,Complainant_49,37,1,1,1,1
50,50,Complainant_50,39,1,1,1,1
51,51,Complainant_51,33,1,1,1,1
52,52,Complainant_52,53,1,1,1,1
53,53,Complainant_53,49,1,1,1,1
54,54,Complainant_54,29,1,1,1,1
55,55,Complainant_55,36,1,1,1,1
56,56,Complainant_56,32,1,1,1,1
57,57,Complainant_57,52,1,1,1,1
58,58,Complainant_58,34,1,1,1,1
59,59,Complainant_59,48,1,1,1,1
60,60,Complainant_60,23,1,1,1,1
61,61,Complainant_61,23,1,1,1,1
62,62,Complainant_62,22,1,1,1,1
63,63,Complainant_63,55,1,1,1,1
64,64,Complainant_64,41,1,1,1,1
65,65,Complainant_65,35,1,1,1,1
66,66,Complainant_66,44,1,1,1,1
67,67,Complainant_67,55,1,1,1,1
68,68,Complainant_68,52,1,1,1,1
69,69,Complainant_69,56,1,1,1,1
70,70,Complainant_70,51,1,1,1,1
71,71,Complainant_71,59,1,1,1,1
72,72,Complainant_72,29,1,1,1,1
73,73,Complainant_73,31,1,1,1,1
74,74,Complainant_74,39,1,1,1,1
75,75,Complainant_75,25,1,1,1,1
76,76,Complainant_76,37,1,1,1,1
77,77,Complainant_77,50,1,1,1,1
78,78,Complainant_78,33,1,1,1,1
79,79,Complainant_79,31,1,1,1,1
80,80,Complainant_80,29,1,1,1,1
81,81,Complainant_81,24,1,1,1,1
82,82,Complainant_82,49,1,1,1,1
83,83,Complainant_83,32,1,1,1,1
84,84,Complainant_84,39,1,1,1,1
85,85,Complainant_85,37,1,1,1,1
86,86,Complainant_86,22,1,1,1,1
87,87,Complainant_87,49,1,1,1,1
88,88,Complainant_88,44,1,1,1,1
89,89,Complainant_89,35,1,1,1,1
90,90,Complainant_90,36,1,1,1,1
91,91,Complainant_91,45,1,1,1,1
92,92,Complainant_92,43,1,1,1,1
93,93,Complainant_93,60,1,1,1,1
94,94,Complainant_94,53,1,1,1,1
95,95,Complainant_95,60,1,1,1,1
96,96,Complainant_96,55,1,1,1,1
97,97,Complainant_97,51,1,1,1,1
98,98,Complainant_98,33,1,1,1,1
99,99,Complainant_99,56,1,1,1,1
100,100,Complainant_100,47,1,1,1,1
